,HUAWEI/5001,DISTANCIA TOTAL,#INCIDENCIAS,FALSAS,SAMSUNG-B/5000,DISTANCIA TOTAL,#INCIDENCIAS,FALSAS,S8/5003,DISTANCIA TOTAL,#INCIDENCIAS,FALSAS
A,A,73.260.323.291,8,C/S/T,A,69.758.101.829,7,C/S/T,A,79.410.343.346,8,E/S/T
B,B,86.668.201.083,13,-,B,95.162.925.216,13,-,B,87.855.873.777,13,-
BN,BN,42.848.897.570,4,B/F/M/MAL/O/V,BN,75.838.741.029,11,B/MAL,BN,81.009.368.808,11,B/MAL
C,C,95.691.419.236,12,M,C,99.741.257.060,12,M,C,94.709.755.722,12,M
CME,CME,373.233.038.856,12,O,CME,353.108.924.336,12,O,CME,399.643.668.244,12,O
D,D,134.923.637.253,13,-,D,125.264.623.828,11,O,D,139.079.599.102,12,Z
E,E,74.507.909.812,6,C/O/S,E,49.438.448.032,4,O/S/SI,O,73.645.085.100,6,C/E/S/SI
F,F,11.651.344.402,13,-,F,1.094.304.966,13,-,F,115.201.120.671,13,-
G,G,90.270.411.327,9,X/YO,G,91.107.633.076,8,X/YO,G,89.753.990.859,9,YO
GRA,GRA,202.862.100.155,13,-,GRA,185.015.883.198,13,-,GRA,200.710.692.139,13,-
H,H,70.125.365.201,7,K/U/Ñ,H,76.006.076.707,8,K/N/Ñ,H,76.444.163.844,8,K/N/Ñ
HLA,HLA,81.055.063.008,10,B,HLA,75.834.514.593,10,B,H,71.596.349.194,9,B
I,I,91.270.968.047,9,H/J/SI,I,89.846.037.010,10,H/J/SI,I,55.637.938.852,7,J/SI
J,J,74.135.039.727,8,H/I,J,61.227.376.849,8,H/I,J,61.549.518.615,8,I/SI
K,K,69.698.226.547,7,P,P,61.810.131.830,6,P,P,70.196.242.625,7,K
L,L,85.451.059.620,8,D/G,L,94.347.925.546,9,D/G,L,98.027.081.757,8,D/G
M,M,35.837.967.945,3,B/BN/C/F/MAL/O/U,M,57.424.006.669,7,N/O/Ñ,M,57.949.915.605,7,HLA/O/Ñ
MAL,MAL,74.484.297.966,11,B/M,BN,27.878.246.950,3,B/C/F/GRA/M/MAL,MAL,79.175.396.904,11,B/MAL
N,U,52.271.295.665,5,R/U/Ñ,U,37.099.305.400,4,U/R/Ñ,U,53.841.400.285,6,R/U/Ñ
NO,NO,23.787.147.369,2,A/D/E/F/M/N/OU,N,42.771.171.886,5,M/NO/O/X,NO,59.011.528.750,6,M/NO
O,O,20.558.496.752,2,A/B/BN/GRA/M/MAL/T/U,O,77.058.130.620,12,C/S/T,O,91.861.443.767,13,-
P,P,92.931.930.781,9,K,P,82.434.427.013,9,K,P,93.256.054.435,9,K
PDN,PDN,107.077.332.746,7,Y,PDN,91.879.876.170,7,Y,PDN,107.089.633.304,8,J/Y
Q,D,54.307.781.982,3,K/L/P/Q/TU/X/YO/Z,Q,130.929.700.453,11,TU/X,Q,137.150.250.063,10,TU/X
R,R,83.125.867.854,9,U,R,74.697.674.988,9,U,Q,137.150.250.063,10,TU/X
S,S,27.283.688.238,4,A/SI/T,E,42.807.233.868,5,A/S/SI,S,16.204.521.246,4,A/E/SI/T
SI,SI,68.384.298.800,8,H/I/J,I,82.819.492.752,8,H/I/J,SI,67.119.356.597,8,H/I/J
T,A,83.667.102.460,5,E/NO/O/T/TU,T,6.446.442.077,6,A/S/SI,T,85.446.378.849,7,A/S/SI
TU,TU,52.692.572.538,4,N/R/U/X/Z,TU,61.913.253.258,5,N/R/U/X/,TU,40.801.466.734,3,N/NO/R/U/V/X/Z
U,U,119.670.984.381,11,R/Ñ,U,97.169.859.140,11,R,U,122.722.666.940,12,R
V,V,149.880.593.373,13,-,V,134.990.252.074,13,-,V,147.219.027.438,13,-
W,W,121.050.139.224,13,-,W,119.875.740.183,13,-,W,125.064.952.375,13,-
X,YO,56.143.762.340,5,G/O/TU/X,X,40.681.516.852,3,G/P/Q/TU/YO/Z,X,21.725.346.711,6,G/Q/TU/YO
Y,Y,104.518.627.073,8,PDN,Y,87.548.649.044,8,PDN,Y,77.305.532.504,7,PDN
YO,YO,166.322.628.998,12,TU,YO,137.220.826.637,12,TU,YO,177.318.254.176,13,-
Z,Z,97.588.035.651,7,D/I/K/R,Z,69.043.545.562,5,D/I/K/NO/R/TU/YO,Z,103.009.492.884,7,D/I/K/L/R
Ñ,U,48.425.592.957,5,N/NO/R/Ñ,N,56.923.408.890,7,M/NO/R/Ñ,Ñ,39.484.234.020,7,N/NO/R/U